{
    "property": "return",
    "mean": 18.680024590127665,
    "variance": 62.24396504871529,
    "std": 7.889484460261982,
    "confidence_interval": [
        17.90451694756906,
        19.45553223268627
    ]
}